Joint Complex,https://www.pureencapsulationspro.com/joint-complex-single-dose.html,https://www.thisisgoodmedicine.com/wp-admin/post.php?post=8890&action=edit
Junior Nutrients,https://www.pureencapsulationspro.com/junior-nutrients.html,https://www.thisisgoodmedicine.com/wp-admin/post.php?post=8907&action=edit
Krill-Plex,https://www.pureencapsulationspro.com/krill-plex.html,https://www.thisisgoodmedicine.com/wp-admin/post.php?post=8894&action=edit
L-Arginine,https://www.pureencapsulationspro.com/l-arginine.html,https://www.thisisgoodmedicine.com/wp-admin/post.php?post=8895&action=edit
L-Carnitine,https://www.pureencapsulationspro.com/l-carnitine-pe.html,https://www.thisisgoodmedicine.com/wp-admin/post.php?post=8919&action=edit
L-Carnitine Fumarate,https://www.pureencapsulationspro.com/l-carnitine-fumarate.html,https://www.thisisgoodmedicine.com/wp-admin/post.php?post=8931&action=edit
L-Carnosine,https://www.pureencapsulationspro.com/l-carnosine-capsules.html,https://www.thisisgoodmedicine.com/wp-admin/post.php?post=8920&action=edit
L-Glutamine (500 mg),https://www.pureencapsulationspro.com/l-glutamine-500-mg.html,https://www.thisisgoodmedicine.com/wp-admin/post.php?post=8935&action=edit
L-Glutamine Powder,https://www.pureencapsulationspro.com/l-glutamine-powder-3g.html,https://www.thisisgoodmedicine.com/wp-admin/post.php?post=8940&action=edit
L-Glutamine (850 mg),https://www.pureencapsulationspro.com/l-glutamine-850-mg.html,https://www.thisisgoodmedicine.com/wp-admin/post.php?post=13975&action=edit
L-Lysine,https://www.pureencapsulationspro.com/l-lysine.html,https://www.thisisgoodmedicine.com/wp-admin/post.php?post=8925&action=edit
L-Methionine,https://www.pureencapsulationspro.com/l-methionine-60.html,https://www.thisisgoodmedicine.com/wp-admin/post.php?post=8946&action=edit
L-theanine,https://www.pureencapsulationspro.com/l-theanine.html,https://www.thisisgoodmedicine.com/wp-admin/post.php?post=8951&action=edit
L-Tryptophan,https://www.pureencapsulationspro.com/l-tryptophan.html,https://www.thisisgoodmedicine.com/wp-admin/post.php?post=9250&action=edit
L-Tyrosine,https://www.pureencapsulationspro.com/l-tyrosine.html,https://www.thisisgoodmedicine.com/wp-admin/post.php?post=8965&action=edit
Ligament Restore,https://www.pureencapsulationspro.com/ligament-restore.html,https://www.thisisgoodmedicine.com/wp-admin/post.php?post=8949&action=edit
Liposomal Glutathione,https://www.pureencapsulationspro.com/liposomal-glutathione.html,https://www.thisisgoodmedicine.com/wp-admin/post.php?post=8950&action=edit
Liposomal Glutathione Liquid,https://www.pureencapsulationspro.com/liposomal-glutathione-liquid.html,https://www.thisisgoodmedicine.com/wp-admin/post.php?post=12855&action=edit
Liposomal Vitamin C Liquid,https://www.pureencapsulationspro.com/liposomal-vitamin-c-liquid.html,https://www.thisisgoodmedicine.com/wp-admin/post.php?post=13766&action=edit
Lipotropic Detox,https://www.pureencapsulationspro.com/lipotropic-detox.html,https://www.thisisgoodmedicine.com/wp-admin/post.php?post=8932&action=edit
Lithium Orotate 1 mg,https://www.pureencapsulationspro.com/lithium-orotate-1-mg.html,https://www.thisisgoodmedicine.com/wp-admin/post.php?post=22128&action=edit
Lithium Orotate 5 mg,https://www.pureencapsulationspro.com/lithium-orotate-5-mg.html,https://www.thisisgoodmedicine.com/wp-admin/post.php?post=8924&action=edit
Liver GI Detox,https://www.pureencapsulationspro.com/liver-gi-detox.html,https://www.thisisgoodmedicine.com/wp-admin/post.php?post=8922&action=edit
Longevity Nutrients,https://www.pureencapsulationspro.com/longevity-nutrients.html,https://www.thisisgoodmedicine.com/wp-admin/post.php?post=8923&action=edit
Lutein 20 mg,https://www.pureencapsulationspro.com/lutein-20-mg.html,https://www.thisisgoodmedicine.com/wp-admin/post.php?post=8952&action=edit
Lutein - Zeaxanthin,https://www.pureencapsulationspro.com/lutein-zeaxanthin.html,https://www.thisisgoodmedicine.com/wp-admin/post.php?post=8955&action=edit
LVR Formula,https://www.pureencapsulationspro.com/lvr-formula.html,https://www.thisisgoodmedicine.com/wp-admin/post.php?post=8953&action=edit
Lycopene (20 mg),https://www.pureencapsulationspro.com/lycopene-20-mg.html,https://www.thisisgoodmedicine.com/wp-admin/post.php?post=8954&action=edit
M-R-S Mushroom,https://www.pureencapsulationspro.com/m-r-s-mushroom-formula.html,https://www.thisisgoodmedicine.com/wp-admin/post.php?post=9011&action=edit
Maca-3,https://www.pureencapsulationspro.com/maca-3.html,https://www.thisisgoodmedicine.com/wp-admin/post.php?post=8956&action=edit
Macular Support Formula,https://www.pureencapsulationspro.com/macular-support-formula.html,https://www.thisisgoodmedicine.com/wp-admin/post.php?post=9012&action=edit
Magnesium (Citrate),https://www.pureencapsulationspro.com/magnesium-citrate.html,https://www.thisisgoodmedicine.com/wp-admin/post.php?post=8979&action=edit
Magnesium (Citrate-Malate),https://www.pureencapsulationspro.com/magnesium-citrate-malate.html,https://www.thisisgoodmedicine.com/wp-admin/post.php?post=8980&action=edit
Magnesium (Glycinate),https://www.pureencapsulationspro.com/magnesium-glycinate.html,https://www.thisisgoodmedicine.com/wp-admin/post.php?post=9009&action=edit
Magnesium (Powder),https://www.pureencapsulationspro.com/magnesium-powder.html,https://www.thisisgoodmedicine.com/wp-admin/post.php?post=9020&action=edit
Magnesium Glycinate Liquid,https://www.pureencapsulationspro.com/magnesium-glycinate-liquid.html,https://www.thisisgoodmedicine.com/wp-admin/post.php?post=9019&action=edit
Magnesium Liquid,https://www.pureencapsulationspro.com/magnesium-liquid.html,https://www.thisisgoodmedicine.com/wp-admin/post.php?post=9023&action=edit
Manganese (Aspartate-Citrate),https://www.pureencapsulationspro.com/manganese-aspartate-citrate.html,https://www.thisisgoodmedicine.com/wp-admin/post.php?post=9025&action=edit
Melatonin (0.5 mg),https://www.pureencapsulationspro.com/melatonin-5-mg.html,https://www.thisisgoodmedicine.com/wp-admin/post.php?post=8984&action=edit
Melatonin (20 mg),https://www.pureencapsulationspro.com/melatonin-20-mg.html,https://www.thisisgoodmedicine.com/wp-admin/post.php?post=8982&action=edit
Melatonin (3 mg),https://www.pureencapsulationspro.com/melatonin-3-mg.html,https://www.thisisgoodmedicine.com/wp-admin/post.php?post=8983&action=edit
Melatonin Liquid,https://www.pureencapsulationspro.com/melatonin-liquid.html,https://www.thisisgoodmedicine.com/wp-admin/post.php?post=9002&action=edit
Melatonin-SR,https://www.pureencapsulationspro.com/melatonin-sr.html,https://www.thisisgoodmedicine.com/wp-admin/post.php?post=9007&action=edit
Memory Pro,https://www.pureencapsulationspro.com/memory-pro.html,https://www.thisisgoodmedicine.com/wp-admin/post.php?post=8986&action=edit
Methylcobalamin,https://www.pureencapsulationspro.com/methylcobalamin.html,https://www.thisisgoodmedicine.com/wp-admin/post.php?post=9014&action=edit
Men’s Nutrients,https://www.pureencapsulationspro.com/men-s-nutrients.html,https://www.thisisgoodmedicine.com/wp-admin/post.php?post=8985&action=edit
Men’s Pure Pack,https://www.pureencapsulationspro.com/men-s-pure-pack-30-s.html,https://www.thisisgoodmedicine.com/wp-admin/post.php?post=9028&action=edit
MenoVive,https://www.pureencapsulationspro.com/menovive-60-s.html,https://www.thisisgoodmedicine.com/wp-admin/post.php?post=9027&action=edit
Metabolic Xtra,https://www.pureencapsulationspro.com/metabolic-xtra.html,https://www.thisisgoodmedicine.com/wp-admin/post.php?post=9060&action=edit
MethylAssist,https://www.pureencapsulationspro.com/methylassist.html,https://www.thisisgoodmedicine.com/wp-admin/post.php?post=8978&action=edit
MicroDefense w Oregano,https://www.pureencapsulationspro.com/microdefense-with-oregano.html,https://www.thisisgoodmedicine.com/wp-admin/post.php?post=14188&action=edit
Mineral 650,https://www.pureencapsulationspro.com/mineral-650.html,https://www.thisisgoodmedicine.com/wp-admin/post.php?post=9008&action=edit
Mineral 650 (without Copper and Iron),https://www.pureencapsulationspro.com/mineral-650-w-o-copper-iron.html,https://www.thisisgoodmedicine.com/wp-admin/post.php?post=9024&action=edit
Mitochondria-ATP,https://www.pureencapsulationspro.com/mitochondria-atp.html,https://www.thisisgoodmedicine.com/wp-admin/post.php?post=8987&action=edit
MotilPro,https://www.pureencapsulationspro.com/motil-pro.html,https://www.thisisgoodmedicine.com/wp-admin/post.php?post=9026&action=edit
MSM Capsules,https://www.pureencapsulationspro.com/msm-capsules.html,https://www.thisisgoodmedicine.com/wp-admin/post.php?post=9013&action=edit
MSM Powder,https://www.pureencapsulationspro.com/msm-powder.html,https://www.thisisgoodmedicine.com/wp-admin/post.php?post=9035&action=edit
Muscle Cramp-Tension Formula,https://www.pureencapsulationspro.com/muscle-cramp-tension-formula.html,https://www.thisisgoodmedicine.com/wp-admin/post.php?post=8981&action=edit
NAC (N-Acetyl-l-Cysteine) 600 mg,https://www.pureencapsulationspro.com/nac-n-acetyl-l-cysteine-600-mg.html,https://www.thisisgoodmedicine.com/wp-admin/post.php?post=9043&action=edit
NAC (N-Acetyl-l-Cysteine) 900 mg,https://www.pureencapsulationspro.com/nac-n-acetyl-l-cysteine-900-mg.html,https://www.thisisgoodmedicine.com/wp-admin/post.php?post=9044&action=edit
NAC + Glycine Powder,https://www.pureencapsulationspro.com/nac-glycine-powder.html,https://www.thisisgoodmedicine.com/wp-admin/post.php?post=20081&action=edit
NeuroMood Pure Pack,https://www.pureencapsulationspro.com/neuromood-pure-pack-30-packets.html,https://www.thisisgoodmedicine.com/wp-admin/post.php?post=9078&action=edit
NeuroPure,https://www.pureencapsulationspro.com/neuropure.html,https://www.thisisgoodmedicine.com/wp-admin/post.php?post=9079&action=edit
Niacinamide,https://www.pureencapsulationspro.com/niacinamide-90.html,https://www.thisisgoodmedicine.com/wp-admin/post.php?post=9077&action=edit
Niacitol (no-flush niacin) 650 mg,https://www.pureencapsulationspro.com/niactiol-650-mg-180-s.html,https://www.thisisgoodmedicine.com/wp-admin/post.php?post=9076&action=edit
Niacitol (500 mg),https://www.pureencapsulationspro.com/niacitol-500-mg-120.html,https://www.thisisgoodmedicine.com/wp-admin/post.php?post=9045&action=edit
Nitric Oxide Support,https://www.pureencapsulationspro.com/nitric-oxide-support-162g.html,https://www.thisisgoodmedicine.com/wp-admin/post.php?post=9080&action=edit
Nitric Oxide Ultra (Capsules),https://www.pureencapsulationspro.com/nitric-oxide-ultra-capsules-120-s.html,https://www.thisisgoodmedicine.com/wp-admin/post.php?post=9087&action=edit
Nrf2 Detox,https://www.pureencapsulationspro.com/nrf2-detox.html,https://www.thisisgoodmedicine.com/wp-admin/post.php?post=9081&action=edit
NSK-SD (Nattokinase) 100 mg,https://www.pureencapsulationspro.com/nsk-sdtm-nattokinase-100-mg.html,https://www.thisisgoodmedicine.com/wp-admin/post.php?post=9070&action=edit
Nutrient 950,https://www.pureencapsulationspro.com/nutrient-950r.html,https://www.thisisgoodmedicine.com/wp-admin/post.php?post=9040&action=edit
Nutrient 950 A without copper & iron,https://www.pureencapsulationspro.com/nutrient-950-with-vitamin-a-w-o-copper-iron.html,https://www.thisisgoodmedicine.com/wp-admin/post.php?post=22127&action=edit
Nutrient 950 with NAC,https://www.pureencapsulationspro.com/nutrient-950-mvi-with-nac-240.html,https://www.thisisgoodmedicine.com/wp-admin/post.php?post=9042&action=edit
Nutrient 950 without Copper and Iron,https://www.pureencapsulationspro.com/nutrient-950-w-o-copper-iron.html,https://www.thisisgoodmedicine.com/wp-admin/post.php?post=9041&action=edit
Nutrient 950 without Iron,https://www.pureencapsulationspro.com/nutrient-950-w-o-iron.html,https://www.thisisgoodmedicine.com/wp-admin/post.php?post=9039&action=edit
Nutrient 950 with Vitamin K,https://www.pureencapsulationspro.com/nutrient-950-with-vitamin-k.html,https://www.thisisgoodmedicine.com/wp-admin/post.php?post=9050&action=edit
Nutrient 950 without Cu Fe and Iodine,https://www.pureencapsulationspro.com/nutrient-950-w-o-cu-fe-iodine.html,https://www.thisisgoodmedicine.com/wp-admin/post.php?post=9055&action=edit
O.N.E. Multivitamin,https://www.pureencapsulationspro.com/o-n-e-multivitamin.html,https://www.thisisgoodmedicine.com/wp-admin/post.php?post=9073&action=edit
O.N.E. Omega,https://www.pureencapsulationspro.com/o-n-e-omega.html,https://www.thisisgoodmedicine.com/wp-admin/post.php?post=9074&action=edit
Olive Leaf (Extract),https://www.pureencapsulationspro.com/olive-leaf.html,https://www.thisisgoodmedicine.com/wp-admin/post.php?post=9072&action=edit
OptiFerin-C,https://www.pureencapsulationspro.com/optiferin-c60.html,https://www.thisisgoodmedicine.com/wp-admin/post.php?post=9090&action=edit
OsteoBalance,https://www.pureencapsulationspro.com/osteobalance.html,https://www.thisisgoodmedicine.com/wp-admin/post.php?post=9071&action=edit
P5P 50,https://www.pureencapsulationspro.com/p5p-50.html,https://www.thisisgoodmedicine.com/wp-admin/post.php?post=9075&action=edit
Panax Ginseng,https://www.pureencapsulationspro.com/panax-ginseng.html,https://www.thisisgoodmedicine.com/wp-admin/post.php?post=9117&action=edit
Pancreatic Enzyme,https://www.pureencapsulationspro.com/pancreatic-enzyme-formula.html,https://www.thisisgoodmedicine.com/wp-admin/post.php?post=9102&action=edit
Pancreatic VegEnzymes,https://www.pureencapsulationspro.com/pancreatic-vegenzymes.html,https://www.thisisgoodmedicine.com/wp-admin/post.php?post=9179&action=edit
Pantethine,https://www.pureencapsulationspro.com/pantethine.html,https://www.thisisgoodmedicine.com/wp-admin/post.php?post=9099&action=edit
Pantothenic Acid,https://www.pureencapsulationspro.com/pantothenic-acid-capsules.html,https://www.thisisgoodmedicine.com/wp-admin/post.php?post=9173&action=edit
Peptic-Care (Zinc-L-Carnosine),https://www.pureencapsulationspro.com/peptic-care-zc.html,https://www.thisisgoodmedicine.com/wp-admin/post.php?post=9111&action=edit
Perilla extract,https://www.pureencapsulationspro.com/perilla-extract.html,https://www.thisisgoodmedicine.com/wp-admin/post.php?post=14265&action=edit
Phosphatidylcholine,https://www.pureencapsulationspro.com/phosphatidylcholine.html,https://www.thisisgoodmedicine.com/wp-admin/post.php?post=16986&action=edit
Phyto UltraComfort,https://www.pureencapsulationspro.com/phyto-ultracomfort-120.html,https://www.thisisgoodmedicine.com/wp-admin/post.php?post=9161&action=edit
Phyto-4,https://www.pureencapsulationspro.com/phyto-4.html,https://www.thisisgoodmedicine.com/wp-admin/post.php?post=9121&action=edit
Phyto-ADR,https://www.pureencapsulationspro.com/phyto-adr.html,https://www.thisisgoodmedicine.com/wp-admin/post.php?post=9104&action=edit
PhytoBalance II,https://www.pureencapsulationspro.com/phytobalance-ii.html,https://www.thisisgoodmedicine.com/wp-admin/post.php?post=9122&action=edit
Policosanol (20 mg),https://www.pureencapsulationspro.com/policosanol-20mg-120.html,https://www.thisisgoodmedicine.com/wp-admin/post.php?post=9130&action=edit
Poly-Prebiotic Powder,https://www.pureencapsulationspro.com/poly-prebiotic-powder.html,https://www.thisisgoodmedicine.com/wp-admin/post.php?post=13171&action=edit
Polyphenol Nutrients,https://www.pureencapsulationspro.com/polyphenol-nutrients.html,https://www.thisisgoodmedicine.com/wp-admin/post.php?post=9103&action=edit
Potassium (Aspartate),https://www.pureencapsulationspro.com/potassium.html,https://www.thisisgoodmedicine.com/wp-admin/post.php?post=9148&action=edit
Potassium (Citrate),https://www.pureencapsulationspro.com/potassium-citrate.html,https://www.thisisgoodmedicine.com/wp-admin/post.php?post=9100&action=edit
Potassium Magnesium (Citrate),https://www.pureencapsulationspro.com/potassium-magnesium-citrate.html,https://www.thisisgoodmedicine.com/wp-admin/post.php?post=9143&action=edit
Pregnenolone (10 mg),https://www.pureencapsulationspro.com/pregnenolone-10-mg.html,https://www.thisisgoodmedicine.com/wp-admin/post.php?post=9131&action=edit
Pregnenolone (30 mg),https://www.pureencapsulationspro.com/pregnenolone-30-mg.html,https://www.thisisgoodmedicine.com/wp-admin/post.php?post=9132&action=edit
Pro-Resolve Omega,https://www.pureencapsulationspro.com/pro-resolve-omega.html,https://www.thisisgoodmedicine.com/wp-admin/post.php?post=27289&action=edit
ProbioMood,https://www.pureencapsulationspro.com/probiomood-capsules.html,https://www.thisisgoodmedicine.com/wp-admin/post.php?post=12852&action=edit
Probiotic 123,https://www.pureencapsulationspro.com/probiotic-123-2.html,https://www.thisisgoodmedicine.com/wp-admin/post.php?post=9169&action=edit
Probiotic 50B,https://www.pureencapsulationspro.com/probiotic-50b-capsules.html,https://www.thisisgoodmedicine.com/wp-admin/post.php?post=9156&action=edit
Probiotic G.I.,https://www.pureencapsulationspro.com/probiotic-gi.html,https://www.thisisgoodmedicine.com/wp-admin/post.php?post=9119&action=edit
Probiotic IMM,https://www.pureencapsulationspro.com/probiotic-imm.html,https://www.thisisgoodmedicine.com/wp-admin/post.php?post=9166&action=edit
Probiotic-5,https://www.pureencapsulationspro.com/probiotic-5-dairy-free.html,https://www.thisisgoodmedicine.com/wp-admin/post.php?post=9157&action=edit
ProstaFlo,https://www.pureencapsulationspro.com/prostaflo.html,https://www.thisisgoodmedicine.com/wp-admin/post.php?post=9133&action=edit
PS 100 (phosphatidylserine),https://www.pureencapsulationspro.com/ps-100.html,https://www.thisisgoodmedicine.com/wp-admin/post.php?post=9160&action=edit
PS Plus,https://www.pureencapsulationspro.com/ps-plus-60.html,https://www.thisisgoodmedicine.com/wp-admin/post.php?post=9172&action=edit
Pure Tranquility Liquid,https://www.pureencapsulationspro.com/pure-tranquility-liquid-116-ml.html,https://www.thisisgoodmedicine.com/wp-admin/post.php?post=9174&action=edit
PureBi•Ome Intensive,https://www.pureencapsulationspro.com/purebi-ometm-intensive.html,https://www.thisisgoodmedicine.com/wp-admin/post.php?post=8614&action=edit
PureBi•Ome GI,https://www.pureencapsulationspro.com/purebi-ometm-g-i.html,https://www.thisisgoodmedicine.com/wp-admin/post.php?post=8613&action=edit
PureCell,https://www.pureencapsulationspro.com/purecell.html,https://www.thisisgoodmedicine.com/wp-admin/post.php?post=9110&action=edit
PureDefense Chewables,https://www.pureencapsulationspro.com/puredefense-chewables.html,https://www.thisisgoodmedicine.com/wp-admin/post.php?post=16416&action=edit
PureDefense Collagen w Bone Broth powder,https://www.pureencapsulationspro.com/puredefense-collagen.html,https://www.thisisgoodmedicine.com/wp-admin/post.php?post=33211&action=edit
PureDefense with NAC,https://www.pureencapsulationspro.com/puredefense-w-nac.html,https://www.thisisgoodmedicine.com/wp-admin/post.php?post=9101&action=edit
PureGenomics UltraMultivitamin,https://www.pureencapsulationspro.com/puregenomics-ultramultivitamin.html,https://www.thisisgoodmedicine.com/wp-admin/post.php?post=16988&action=edit
PureGenomics B-Complex,https://www.pureencapsulationspro.com/puregenomics-reg-b-complex.html,https://www.thisisgoodmedicine.com/wp-admin/post.php?post=9118&action=edit
PureGenomics Multivitamin,https://www.pureencapsulationspro.com/puregenomics-multivitamin-60-s-improved.html,https://www.thisisgoodmedicine.com/wp-admin/post.php?post=9120&action=edit
PureGG 25B,https://www.pureencapsulationspro.com/puregg-25b.html,https://www.thisisgoodmedicine.com/wp-admin/post.php?post=13287&action=edit
PureHeart K2D,https://www.pureencapsulationspro.com/pureheart-reg-k2d-60-s.html,https://www.thisisgoodmedicine.com/wp-admin/post.php?post=9123&action=edit
PureLean Satiety,https://www.pureencapsulationspro.com/purelean-satiety.html,https://www.thisisgoodmedicine.com/wp-admin/post.php?post=37892&action=edit
PureLean Fiber,https://www.pureencapsulationspro.com/purelean-sup-reg-sup-fiber-improved.html,https://www.thisisgoodmedicine.com/wp-admin/post.php?post=9134&action=edit
PureLean Nutrients,https://www.pureencapsulationspro.com/purelean-nutrients-180.html,https://www.thisisgoodmedicine.com/wp-admin/post.php?post=9135&action=edit
PureLean Pure Pack,https://www.pureencapsulationspro.com/purelean-pure-pack-30-packets.html,https://www.thisisgoodmedicine.com/wp-admin/post.php?post=9151&action=edit
PureLean Whey,https://www.pureencapsulationspro.com/purelean-whey-432-g.html,https://www.thisisgoodmedicine.com/wp-admin/post.php?post=9140&action=edit
Purely Complete Chocolate (6 pack),https://www.pureencapsulationspro.com/purely-complete-chocolate-6-pack.html,https://www.thisisgoodmedicine.com/wp-admin/post.php?post=29875&action=edit
Purely Complete Vanilla – 6 pack,https://www.pureencapsulationspro.com/purely-complete-vanilla-6-pack.html,https://www.thisisgoodmedicine.com/wp-admin/post.php?post=29876&action=edit
PureMelt B12 Folate,https://www.pureencapsulationspro.com/puremelt-b12-folate.html,https://www.thisisgoodmedicine.com/wp-admin/post.php?post=9144&action=edit
PureNutrients EPA-DHA Gummy,https://www.pureencapsulationspro.com/purenutrients-epa-dha-gummy.html,https://www.thisisgoodmedicine.com/wp-admin/post.php?post=13281&action=edit
PureNutrients Gummy,https://www.pureencapsulationspro.com/pure-nutrients-gummy.html,https://www.thisisgoodmedicine.com/wp-admin/post.php?post=13282&action=edit
PurePals with iron,https://www.pureencapsulationspro.com/purepals-cherry-with-iron.html,https://www.thisisgoodmedicine.com/wp-admin/post.php?post=9176&action=edit
PureProbiotic,https://www.pureencapsulationspro.com/pureprobiotic-allergen-free.html,https://www.thisisgoodmedicine.com/wp-admin/post.php?post=9150&action=edit
Pycnogenol (100 mg),https://www.pureencapsulationspro.com/pycnogenolr-100-mg.html,https://www.thisisgoodmedicine.com/wp-admin/post.php?post=9162&action=edit
Pycnogenol (50 mg),https://www.pureencapsulationspro.com/pycnogenolr-50-mg.html,https://www.thisisgoodmedicine.com/wp-admin/post.php?post=9163&action=edit
Q-Gel (Hydrosoluble CoQ10) 100 mg,https://www.pureencapsulationspro.com/q-gel-100-mg-60-s.html,https://www.thisisgoodmedicine.com/wp-admin/post.php?post=9184&action=edit
Quercetin,https://www.pureencapsulationspro.com/quercetin.html,https://www.thisisgoodmedicine.com/wp-admin/post.php?post=9164&action=edit
Quercetin UltraSorb,https://www.pureencapsulationspro.com/quercetin-ultrasorb.html,https://www.thisisgoodmedicine.com/wp-admin/post.php?post=37889&action=edit
R-Lipoic Acid (Stabilized),https://www.pureencapsulationspro.com/r-lipoic-acid-stabilized.html,https://www.thisisgoodmedicine.com/wp-admin/post.php?post=9193&action=edit
Reduced Glutathione,https://www.pureencapsulationspro.com/reduced-glutathione.html,https://www.thisisgoodmedicine.com/wp-admin/post.php?post=9191&action=edit
Relora,https://www.pureencapsulationspro.com/relora.html,https://www.thisisgoodmedicine.com/wp-admin/post.php?post=9192&action=edit
Renual,https://www.pureencapsulationspro.com/renual.html,https://www.thisisgoodmedicine.com/wp-admin/post.php?post=19482&action=edit
ResCu-SR,https://www.pureencapsulationspro.com/rescu-sr.html,https://www.thisisgoodmedicine.com/wp-admin/post.php?post=9188&action=edit
Resveratrol,https://www.pureencapsulationspro.com/resveratrol.html,https://www.thisisgoodmedicine.com/wp-admin/post.php?post=9189&action=edit
Resveratrol EXTRA,https://www.pureencapsulationspro.com/resveratrol-extra.html,https://www.thisisgoodmedicine.com/wp-admin/post.php?post=9190&action=edit
Resveratrol VESIsorb,https://www.pureencapsulationspro.com/resveratrol-vesisorb.html,https://www.thisisgoodmedicine.com/wp-admin/post.php?post=9212&action=edit
RevitalAge Nerve,https://www.pureencapsulationspro.com/revitalage-nerve.html,https://www.thisisgoodmedicine.com/wp-admin/post.php?post=9204&action=edit
RevitalAge Ultra,https://www.pureencapsulationspro.com/revitalage-ultra-rev.html,https://www.thisisgoodmedicine.com/wp-admin/post.php?post=9205&action=edit
Rhodiola Rosea,https://www.pureencapsulationspro.com/rhodiola-rosea.html,https://www.thisisgoodmedicine.com/wp-admin/post.php?post=9194&action=edit
Ribose Powder,https://www.pureencapsulationspro.com/d-ribose.html,https://www.thisisgoodmedicine.com/wp-admin/post.php?post=9203&action=edit
Saccharomyces Boulardii,https://www.pureencapsulationspro.com/saccharomyces-boulardii.html,https://www.thisisgoodmedicine.com/wp-admin/post.php?post=9214&action=edit
SAMe (S-Adenosylmethionine),https://www.pureencapsulationspro.com/same-s-adenosylmethionine-60.html,https://www.thisisgoodmedicine.com/wp-admin/post.php?post=9213&action=edit
Saw Palmetto 320,https://www.pureencapsulationspro.com/saw-palmetto-320.html,https://www.thisisgoodmedicine.com/wp-admin/post.php?post=9223&action=edit
Saw Palmetto Plus with Nettle Root,https://www.pureencapsulationspro.com/saw-palmetto-plus.html,https://www.thisisgoodmedicine.com/wp-admin/post.php?post=9222&action=edit
Selenium (citrate),https://www.pureencapsulationspro.com/selenium-citrate.html,https://www.thisisgoodmedicine.com/wp-admin/post.php?post=9219&action=edit
Selenium (selenomethionine),https://www.pureencapsulationspro.com/selenium-pe.html,https://www.thisisgoodmedicine.com/wp-admin/post.php?post=9218&action=edit
Sereniten Plus,https://www.pureencapsulationspro.com/sereniten-plus-45.html,https://www.thisisgoodmedicine.com/wp-admin/post.php?post=9318&action=edit
SeroPlus,https://www.pureencapsulationspro.com/seroplus-120.html,https://www.thisisgoodmedicine.com/wp-admin/post.php?post=9235&action=edit
Silymarin,https://www.pureencapsulationspro.com/silymarin.html,https://www.thisisgoodmedicine.com/wp-admin/post.php?post=9221&action=edit
Sleep Solution (Single Dose Liquid),https://www.pureencapsulationspro.com/sleep-solution-single-dose-liquid.html,https://www.thisisgoodmedicine.com/wp-admin/post.php?post=9234&action=edit
SP Ultimate,https://www.pureencapsulationspro.com/sp-ultimate.html,https://www.thisisgoodmedicine.com/wp-admin/post.php?post=9224&action=edit
SR-CoQ10 with PQQ,https://www.pureencapsulationspro.com/sr-coq10-with-pqq.html,https://www.thisisgoodmedicine.com/wp-admin/post.php?post=8703&action=edit
Strontium (Citrate),https://www.pureencapsulationspro.com/strontium-citrate.html,https://www.thisisgoodmedicine.com/wp-admin/post.php?post=9225&action=edit
SunButyrate-TG Liquid,https://www.pureencapsulationspro.com/sunbutyrate-trade-tg-liquid.html,https://www.thisisgoodmedicine.com/wp-admin/post.php?post=13169&action=edit
Synergy K,https://www.pureencapsulationspro.com/synergy-k-improved.html,https://www.thisisgoodmedicine.com/wp-admin/post.php?post=9220&action=edit
Systemic Enzyme Complex,https://www.pureencapsulationspro.com/systemic-enzyme-complex.html,https://www.thisisgoodmedicine.com/wp-admin/post.php?post=11421&action=edit
Taurine (1000 mg),https://www.pureencapsulationspro.com/taurine-1000mg.html,https://www.thisisgoodmedicine.com/wp-admin/post.php?post=9245&action=edit
Teavigo,https://www.pureencapsulationspro.com/teavigo.html,https://www.thisisgoodmedicine.com/wp-admin/post.php?post=9248&action=edit
Th1 Support,https://www.pureencapsulationspro.com/th1-support.html,https://www.thisisgoodmedicine.com/wp-admin/post.php?post=11422&action=edit
Th2 Modulator,https://www.pureencapsulationspro.com/th2-modulator-2.html,https://www.thisisgoodmedicine.com/wp-admin/post.php?post=11423&action=edit
Thyroid Support Complex,https://www.pureencapsulationspro.com/thyroid-support-complex.html,https://www.thisisgoodmedicine.com/wp-admin/post.php?post=9251&action=edit
Trace Minerals,https://www.pureencapsulationspro.com/trace-minerals.html,https://www.thisisgoodmedicine.com/wp-admin/post.php?post=9258&action=edit
Tribulus Formula,https://www.pureencapsulationspro.com/tribulus-formula.html,https://www.thisisgoodmedicine.com/wp-admin/post.php?post=9247&action=edit
Ubiquinol VESIsorb,https://www.pureencapsulationspro.com/ubiquinol-vesisorb.html,https://www.thisisgoodmedicine.com/wp-admin/post.php?post=9271&action=edit
Ubiquinol-QH (100 mg),https://www.pureencapsulationspro.com/ubiquinol-qh-100mg.html,https://www.thisisgoodmedicine.com/wp-admin/post.php?post=9268&action=edit
Ubiquinol-QH (200 mg),https://www.pureencapsulationspro.com/ubiquinol-qh-200mg.html,https://www.thisisgoodmedicine.com/wp-admin/post.php?post=9269&action=edit
Ubiquinol-QH (50 mg),https://www.pureencapsulationspro.com/ubiquinol-qh-50mg.html,https://www.thisisgoodmedicine.com/wp-admin/post.php?post=9270&action=edit
Ultra B-Complex with PQQ,https://www.pureencapsulationspro.com/ultra-b-complex-w-pqq.html,https://www.thisisgoodmedicine.com/wp-admin/post.php?post=8631&action=edit
Ultra Pure Pack,https://www.pureencapsulationspro.com/ultra-pure-pack-30-packs.html,https://www.thisisgoodmedicine.com/wp-admin/post.php?post=9267&action=edit